PROVIDER_ID,Hospital_Name,Hospital_Type,Address,City,State,ZIP_Code,County_Name,MEASURE_ID,MEASURE_DESCRIPTION,NUMERATOR,DENOMINATOR,FOOTNOTE,RPTG_PRD_START_DT,RPTG_PRD_END_DT
"050146","CITY OF HOPE HELFORD CLINICAL RESEARCH HOSPITAL","Short-term","1500 E DUARTE ROAD","DUARTE","CA","91010","Los Angeles","PCH-1","Adjuvant Chemotherapy for Colon Cancer","Not Available","Not Available","1","01/01/2016","12/31/2016"
"050146","CITY OF HOPE HELFORD CLINICAL RESEARCH HOSPITAL","Short-term","1500 E DUARTE ROAD","DUARTE","CA","91010","Los Angeles","PCH-2","Combination Chemotherapy for Breast Cancer","14","14","","01/01/2016","12/31/2016"
"050146","CITY OF HOPE HELFORD CLINICAL RESEARCH HOSPITAL","Short-term","1500 E DUARTE ROAD","DUARTE","CA","91010","Los Angeles","PCH-3","Hormonal Therapy for Breast Cancer","220","236","","07/01/2015","06/30/2016"
"050660","USC KENNETH NORRIS JR CANCER HOSPITAL","Short-term","1441 EASTLAKE AVE","LOS ANGELES","CA","90089","Los Angeles","PCH-1","Adjuvant Chemotherapy for Colon Cancer","Not Available","Not Available","1","01/01/2016","12/31/2016"
"050660","USC KENNETH NORRIS JR CANCER HOSPITAL","Short-term","1441 EASTLAKE AVE","LOS ANGELES","CA","90089","Los Angeles","PCH-2","Combination Chemotherapy for Breast Cancer","Not Available","Not Available","1","01/01/2016","12/31/2016"
"050660","USC KENNETH NORRIS JR CANCER HOSPITAL","Short-term","1441 EASTLAKE AVE","LOS ANGELES","CA","90089","Los Angeles","PCH-3","Hormonal Therapy for Breast Cancer","42","42","","07/01/2015","06/30/2016"
"100079","UNIV OF MIAMI HOSPITAL AND CLINICS-SYLVESTER COMPR","Short-term","1475 NW 12TH AVE","MIAMI","FL","33136","Miami-Dade","PCH-1","Adjuvant Chemotherapy for Colon Cancer","20","21","","01/01/2016","12/31/2016"
"100079","UNIV OF MIAMI HOSPITAL AND CLINICS-SYLVESTER COMPR","Short-term","1475 NW 12TH AVE","MIAMI","FL","33136","Miami-Dade","PCH-2","Combination Chemotherapy for Breast Cancer","12","15","","01/01/2016","12/31/2016"
"100079","UNIV OF MIAMI HOSPITAL AND CLINICS-SYLVESTER COMPR","Short-term","1475 NW 12TH AVE","MIAMI","FL","33136","Miami-Dade","PCH-3","Hormonal Therapy for Breast Cancer","171","173","","07/01/2015","06/30/2016"
"100271","H LEE MOFFITT CANCER CENTER & RESEARCH INSTITUTE I","Short-term","12902 MAGNOLIA DR","TAMPA","FL","33612","Hillsborough","PCH-1","Adjuvant Chemotherapy for Colon Cancer","27","27","","01/01/2016","12/31/2016"
"100271","H LEE MOFFITT CANCER CENTER & RESEARCH INSTITUTE I","Short-term","12902 MAGNOLIA DR","TAMPA","FL","33612","Hillsborough","PCH-2","Combination Chemotherapy for Breast Cancer","44","47","","01/01/2016","12/31/2016"
"100271","H LEE MOFFITT CANCER CENTER & RESEARCH INSTITUTE I","Short-term","12902 MAGNOLIA DR","TAMPA","FL","33612","Hillsborough","PCH-3","Hormonal Therapy for Breast Cancer","374","393","","07/01/2015","06/30/2016"
"220162","DANA-FARBER CANCER INSTITUTE","Short-term","450 BROOKLINE AVENUE","BOSTON","MA","02115","Suffolk","PCH-1","Adjuvant Chemotherapy for Colon Cancer","33","33","","01/01/2016","12/31/2016"
"220162","DANA-FARBER CANCER INSTITUTE","Short-term","450 BROOKLINE AVENUE","BOSTON","MA","02115","Suffolk","PCH-2","Combination Chemotherapy for Breast Cancer","108","108","","01/01/2016","12/31/2016"
"220162","DANA-FARBER CANCER INSTITUTE","Short-term","450 BROOKLINE AVENUE","BOSTON","MA","02115","Suffolk","PCH-3","Hormonal Therapy for Breast Cancer","667","684","","07/01/2015","06/30/2016"
"330154","MEMORIAL HOSPITAL FOR CANCER AND ALLIED DISEASES","Short-term","1275 YORK AVENUE","NEW YORK","NY","10021","New York","PCH-1","Adjuvant Chemotherapy for Colon Cancer","104","106","","01/01/2016","12/31/2016"
"330154","MEMORIAL HOSPITAL FOR CANCER AND ALLIED DISEASES","Short-term","1275 YORK AVENUE","NEW YORK","NY","10021","New York","PCH-2","Combination Chemotherapy for Breast Cancer","197","205","","01/01/2016","12/31/2016"
"330154","MEMORIAL HOSPITAL FOR CANCER AND ALLIED DISEASES","Short-term","1275 YORK AVENUE","NEW YORK","NY","10021","New York","PCH-3","Hormonal Therapy for Breast Cancer","975","1005","","07/01/2015","06/30/2016"
"330354","ROSWELL PARK CANCER INSTITUTE","Short-term","ELM AND CARLTON STREETS","BUFFALO","NY","14203","Erie","PCH-1","Adjuvant Chemotherapy for Colon Cancer","11","15","","01/01/2016","12/31/2016"
"330354","ROSWELL PARK CANCER INSTITUTE","Short-term","ELM AND CARLTON STREETS","BUFFALO","NY","14203","Erie","PCH-2","Combination Chemotherapy for Breast Cancer","19","20","","01/01/2016","12/31/2016"
"330354","ROSWELL PARK CANCER INSTITUTE","Short-term","ELM AND CARLTON STREETS","BUFFALO","NY","14203","Erie","PCH-3","Hormonal Therapy for Breast Cancer","163","178","","07/01/2015","06/30/2016"
"360242","JAMES CANCER HOSPITAL & SOLOVE RESEARCH INSTITUTE","Short-term","460 WEST TENTH AVENUE","COLUMBUS","OH","43210","Franklin","PCH-1","Adjuvant Chemotherapy for Colon Cancer","25","30","","01/01/2016","12/31/2016"
"360242","JAMES CANCER HOSPITAL & SOLOVE RESEARCH INSTITUTE","Short-term","460 WEST TENTH AVENUE","COLUMBUS","OH","43210","Franklin","PCH-2","Combination Chemotherapy for Breast Cancer","46","47","","01/01/2016","12/31/2016"
"360242","JAMES CANCER HOSPITAL & SOLOVE RESEARCH INSTITUTE","Short-term","460 WEST TENTH AVENUE","COLUMBUS","OH","43210","Franklin","PCH-3","Hormonal Therapy for Breast Cancer","293","298","","07/01/2015","06/30/2016"
"390196","HOSPITAL OF THE FOX CHASE CANCER CENTER","Short-term","333 COTTMAN AVENUE","PHILADELPHIA","PA","19111","Philadelphia","PCH-1","Adjuvant Chemotherapy for Colon Cancer","19","21","","01/01/2016","12/31/2016"
"390196","HOSPITAL OF THE FOX CHASE CANCER CENTER","Short-term","333 COTTMAN AVENUE","PHILADELPHIA","PA","19111","Philadelphia","PCH-2","Combination Chemotherapy for Breast Cancer","22","23","","01/01/2016","12/31/2016"
"390196","HOSPITAL OF THE FOX CHASE CANCER CENTER","Short-term","333 COTTMAN AVENUE","PHILADELPHIA","PA","19111","Philadelphia","PCH-3","Hormonal Therapy for Breast Cancer","203","215","","07/01/2015","06/30/2016"
"450076","UNIVERSITY OF TEXAS M D ANDERSON CANCER CENTER,THE","Short-term","1515 HOLCOMBE BLVD","HOUSTON","TX","77030","Harris","PCH-1","Adjuvant Chemotherapy for Colon Cancer","42","42","","01/01/2016","12/31/2016"
"450076","UNIVERSITY OF TEXAS M D ANDERSON CANCER CENTER,THE","Short-term","1515 HOLCOMBE BLVD","HOUSTON","TX","77030","Harris","PCH-2","Combination Chemotherapy for Breast Cancer","99","104","","01/01/2016","12/31/2016"
"450076","UNIVERSITY OF TEXAS M D ANDERSON CANCER CENTER,THE","Short-term","1515 HOLCOMBE BLVD","HOUSTON","TX","77030","Harris","PCH-3","Hormonal Therapy for Breast Cancer","700","740","","07/01/2015","06/30/2016"
"500138","SEATTLE CANCER CARE ALLIANCE","Short-term","825 EASTLAKE AVENUE EAST","SEATTLE","WA","98109","King","PCH-1","Adjuvant Chemotherapy for Colon Cancer","16","17","","01/01/2016","12/31/2016"
"500138","SEATTLE CANCER CARE ALLIANCE","Short-term","825 EASTLAKE AVENUE EAST","SEATTLE","WA","98109","King","PCH-2","Combination Chemotherapy for Breast Cancer","21","22","","01/01/2016","12/31/2016"
"500138","SEATTLE CANCER CARE ALLIANCE","Short-term","825 EASTLAKE AVENUE EAST","SEATTLE","WA","98109","King","PCH-3","Hormonal Therapy for Breast Cancer","271","284","","07/01/2015","06/30/2016"
