Measure ID (Variable Name),Label,Notes
CCN,CMS Certification Number,
Name ,Facility Name ,"Data provided by CMS, not included in the data file with the survey data"
Address,Address,
City,City,
County,County,
State,State,
Zip,Zip,
Phone,Telephone,
PC1_T,"Patients who reported that staff ""Definitely"" gave care in a professional way","OAS CAHPS Top-box Composite Measure 1, Professional Care"
PC1_M,"Patients who reported that staff ""Somewhat"" gave care in a professional way","OAS CAHPS Middle-box Composite Measure 1, Professional Care"
PC1_B,Patients who reported that staff did not give care in a professional way,"OAS CAHPS Bottom-box Composite Measure 1, Professional Care"
PC1_L,Care given in a professional way - linear mean score,"OAS CAHPS Linearized Score Composite Measure 1, Professional Care"
CW2_T,"Patients who reported that staff ""Definitely"" communicated about what to expect during and after the procedure","OAS CAHPS Top-box Composite Measure 2, Communicated Well"
CW2_M,"Patients who reported that staff ""Somewhat"" communicated about what to expect during and after the procedure","OAS CAHPS Middle-box Composite Measure 2, Communicated Well"
CW2_B,Patients who reported that staff did not communicate about what to expect during and after the procedure,"OAS CAHPS Bottom-box Composite Measure 2, Communicated Well"
CW2_L,Communication about what to expect during and after the procedure - linear mean score,"OAS CAHPS Linearized Score Composite Measure 2, Communicated Well"
OR_T,Patients who gave their facility a rating of 9 or 10 on a scale from 0 (lowest) to 10 (highest),"OAS CAHPS Top-box Global Measure 1, Overall Rating"
OR_M,Patients who gave their facility a rating of 7 or 8 on a scale from 0 (lowest) to 10 (highest),"OAS CAHPS Middle-box Global Measure 1, Overall Rating"
OR_B,Patients who gave their facility a rating of 0 to 6 on a scale from 0 (lowest) to 10 (highest),"OAS CAHPS Bottom-box Global Measure 1, Overall Rating"
OR_L,Overall Rating for facility on a scale from 0 (lowest) to 10 (highest) - linear mean score,"OAS CAHPS Linearized Score Global Measure 1, Overall Rating"
PWR_T,Patients who reported YES they would DEFINITELY recommend the facility to family or friends.,"OAS CAHPS Top-box Global Measure 2, Recommend Facility"
PWR_M,Patients who reported YES they would PROBABLY recommend the facility to family or friends.,"OAS CAHPS Middle-box Global Measure 2, Recommend Facility"
PWR_B,"Patients who reported NO, they would probably not or definitely recommend the facility to family or friends.","OAS CAHPS Bottom-box Global Measure 2, Recommend Facility"
PWR_L,Recommend the facility to family or friends - linear mean score,"OAS CAHPS Linearized Score Global Measure 2, Recommend Facility"
Footnote,Footnote,
Sample,Number of Sampled Patients,
Comp,Number of Completed Surveys,
RR,Survey Response Rate Percent,
Start,Measure Start Date,
End,Measure End Date,
