"Measure Name","Measure ID","Measure Start Quarter","Measure Start Date","Measure End Quarter","Measure End Date"
"Median Time from ED Arrival to ED Departure for Admitted ED Patients","ED-1b","3Q2016","07012016","2Q2017","06302017"
"Admit Decision Time to ED Departure Time for Admitted Patients","ED-2b","3Q2016","07012016","2Q2017","06302017"
"Median Time to Fibrinolysis","OP-1","3Q2016","07012016","2Q2017","06302017"
"Median Time from ED Arrival to ED Departure for Discharged ED Patients","OP-18b","3Q2016","07012016","2Q2017","06302017"
"Fibrinolytic Therapy Received Within 30 Minutes of ED Arrival","OP-2","3Q2016","07012016","2Q2017","06302017"
"Median Time from ED Arrival to Provider Contact for ED patients","OP-20","3Q2016","07012016","2Q2017","06302017"
"Median Time to Pain Management for Long Bone Fracture","OP-21","3Q2016","07012016","2Q2017","06302017"
"Head CT or MRI Scan Results for Acute Ischemic Stroke or Hemorrhagic Stroke Patients who Received Head CT or MRI Scan Interpretation Within 45 minutes of ED Arrival","OP-23","3Q2016","07012016","2Q2017","06302017"
"Median Time to Transfer to Another Facility for Acute Coronary Intervention- Reporting Rate","OP-3b","3Q2016","07012016","2Q2017","06302017"
"Aspirin at Arrival","OP-4","3Q2016","07012016","2Q2017","06302017"
"Median Time to ECG","OP-5","3Q2016","07012016","2Q2017","06302017"
"Hospital Acquired Potentially-Preventable Venous Thromboembolism","VTE-6","3Q2016","07012016","2Q2017","06302017"
"Patients Assessed and Given Influenza Vaccination","IMM-2","4Q2016","10012016","1Q2017","03312017"
"Willingness to Recommend this Hospital","Q22","3Q2016","07012016","2Q2017","06302017"
"Overall Rating of Hospital","Q21","3Q2016","07012016","2Q2017","06302017"
"Care Transition","Composite 7 (Q23 to 25)","3Q2016","07012016","2Q2017","06302017"
"Discharge Information","Composite 6 Q19 & Q20","3Q2016","07012016","2Q2017","06302017"
"Quietness of Hospital Environment","Q9","3Q2016","07012016","2Q2017","06302017"
"Cleanliness of Hospital Environment","Q8","3Q2016","07012016","2Q2017","06302017"
"Communication about Medicines","Composite 5 Q16 & Q17","3Q2016","07012016","2Q2017","06302017"
"Pain Management","Composite 4 Q13 & Q14","3Q2016","07012016","2Q2017","06302017"
"Responsiveness of Hospital Staff","Composite 3 Q4 & Q11","3Q2016","07012016","2Q2017","06302017"
"Communication with Doctors","Composite 2 Q5 to Q7","3Q2016","07012016","2Q2017","06302017"
"Communication with Nurses","Composite 1 Q1 to Q3","3Q2016","07012016","2Q2017","06302017"
"Death rate for heart attack patients","MORT-30-AMI","3Q2013","07012013","2Q2016","06302016"
"Death rate for chronic obstructive pulmonary disease patients","MORT-30-COPD","3Q2013","07012013","2Q2016","06302016"
"Death rate for heart failure patients","MORT-30-HF","3Q2013","07012013","2Q2016","06302016"
"Death rate for pneumonia patients","MORT-30-PN","3Q2013","07012013","2Q2016","06302016"
"Rate of readmission for heart attack patients","READM-30-AMI","3Q2013","07012013","2Q2016","06302016"
"Rate of readmission for chronic obstructive pulmonary disease patients","READM-30-COPD","3Q2013","07012013","2Q2016","06302016"
"Rate of readmission for heart failure patients","READM-30-HF","3Q2013","07012013","2Q2016","06302016"
"Rate of readmission for pneumonia patients","READM-30-PN","3Q2013","07012013","2Q2016","06302016"
"PSI_10","PSI_10","4Q2015","10012015","3Q2017","09302017"
"PSI_11","PSI_11","4Q2015","10012015","3Q2017","09302017"
"PSI_12","PSI_12","4Q2015","10012015","3Q2017","09302017"
"PSI_13","PSI_13","4Q2015","10012015","3Q2017","09302017"
"PSI_14","PSI_14","4Q2015","10012015","3Q2017","09302017"
"PSI_15","PSI_15","4Q2015","10012015","3Q2017","09302017"
"PSI_3","PSI_3","4Q2015","10012015","3Q2017","09302017"
"PSI_4","PSI_4","4Q2015","10012015","3Q2017","09302017"
"PSI_6","PSI_6","4Q2015","10012015","3Q2017","09302017"
"PSI_7","PSI_7","4Q2015","10012015","3Q2017","09302017"
"PSI_8","PSI_8","4Q2015","10012015","3Q2017","09302017"
"PSI_9","PSI_9","4Q2015","10012015","3Q2017","09302017"
